prompt_set,50 Prompts,200 Prompts,Change (%)
CM,0.4208888888888889,0.37180555555555556,-11.66
CMP,0.45999999999999996,0.40097222222222223,-12.83
English,0.324,0.36083333333333334,11.37
