model,AIM,AntiLM,None,OM,Sandbox
gpt-4o-mini,0.0,0.0,1.0,1.0,0.0
llama-3-8b,0.6666666666666666,0.6666666666666666,1.0,0.0,0.3333333333333333
mistral-7b,0.0,0.6666666666666666,0.0,0.0,0.0
